ByteHamster;5811634;Maintainer
danieloeh;968613;Original creator of AntennaPod (retired)
mfietz;6860662;Maintainer (retired)
TomHennen;5216560;Maintainer (retired)
orionlee;250644;Contributor
domingos86;9538859;Contributor
TacoTheDank;32376686;Contributor
tonytamsf;149837;Contributor
damoasda;46045854;Contributor
andersonvom;69922;Contributor
weblate;1607653;Contributor
keunes;11229646;Maintainer
ebraminio;833473;Contributor
shortspider;5712543;Contributor
spacecowboy;223655;Contributor
flxholle;36813904;Contributor
patheticpat;16046;Contributor
brad;1614;Contributor
Cj-Malone;10121513;Contributor
maxbechtold;9162198;Contributor
flofriday;21206831;Contributor
qkolj;6667105;Contributor
gaul;848247;Contributor
Copilot;198982749;Contributor
pachecosf;46357909;Contributor
bws9000;262625;Contributor
hannesa2;3314607;Contributor
johnjohndoe;144518;Contributor
gerardolgvr;20119298;Contributor
ahangarha;11241315;Contributor
rharriso;570910;Contributor
xgouchet;818706;Contributor
mueller-ma;22525368;Contributor
ueen;5067479;Contributor
peakvalleytech;65185819;Contributor
vbh;56578479;Contributor
eblis;540188;Contributor
terminalmage;328598;Contributor
gitstart;1501599;Contributor
Slinger;75751;Contributor
TheRealFalcon;153674;Contributor
jonasburian;15125616;Contributor
NWuensche;15856197;Contributor
udif;809640;Contributor
malockin;12814657;Contributor
jas14;569991;Contributor
two-heart;12869538;Contributor
matejdro;507922;Contributor
amanjn38;42531312;Contributor
ydinath;4193331;Contributor
txtd;7108931;Contributor
orelogo;15976578;Contributor
loucasal;25279797;Contributor
peschmae0;4450993;Contributor
dirkmueller;1029152;Contributor
jatinkumarg;20503830;Contributor
geoffreysisco;261868434;Contributor
binarytoto;75904760;Contributor
saqura;1935380;Contributor
beijingling;13600573;Contributor
drabux;10663142;Contributor
dethstar;1239177;Contributor
VishnuSanal;50027064;Contributor
mchelen;30691;Contributor
CedricCabessa;365097;Contributor
jhenninger;197274;Contributor
Xeitor;8825715;Contributor
schasi;5891239;Contributor
ligi;111600;Contributor
egsavage;126165;Contributor
dominikfill;45312697;Contributor
cketti;218061;Contributor
MeirAtIMDDE;4421079;Contributor
deandreamatias;21011641;Contributor
bibz;5141956;Contributor
hzulla;1705654;Contributor
HaBaLeS;730902;Contributor
JessieVela;33134794;Contributor
volhol;11587858;Contributor
michaelmwhite;28901334;Contributor
twiceyuan;2619800;Contributor
thrillfall;15801468;Contributor
rezanejati;16049370;Contributor
Mino260806;53614199;Contributor
nereocystis;2257107;Contributor
liesen;26872;Contributor
dreiss;4121;Contributor
Nymuxyzo;1729839;Contributor
CameronBanga;611354;Contributor
avirajrsingh;69088913;Contributor
caoilte;1500358;Contributor
hades;45413;Contributor
SEVENMASTER;170855665;Contributor
tmatale;28516144;Contributor
toggles;14695;Contributor
unnamedtiger;75182854;Contributor
connectety;26038710;Contributor
matdb;48329535;Contributor
HrBDev;25826502;Contributor
HolgerJeromin;2410353;Contributor
humbertofraga;1914956;Contributor
jmue;898577;Contributor
katrinleinweber;9948149;Contributor
LatinSuD;451487;Contributor
24hours;650407;Contributor
Lukmannudin;32972299;Contributor
SosoTughushi;19908097;Contributor
Terrance;4025899;Contributor
Thom-Merrilin;76849828;Contributor
archibishop;36948493;Contributor
moralesg;14352147;Contributor
viratkohli1969;42018918;Contributor
markamaze;17114678;Contributor
femmdi;47671383;Contributor
datavizard;44409076;Contributor
anotherHoffmann;33728721;Contributor
wseemann;2296196;Contributor
vinodpatildev;61724808;Contributor
liutng;8223139;Contributor
mr-intj;6268767;Contributor
quails4Eva;16786857;Contributor
schwarzspecht;5207192;Contributor
tamizh143;50977879;Contributor
tuxayo;2678215;Contributor
alimemonzx;44647595;Contributor
dev-darrell;52300159;Contributor
jmdouglas;10855634;Contributor
olivoto;15932680;Contributor
PtilopsisLeucotis;54054883;Contributor
kingargyle;177042;Contributor
Sarnyxq;151854412;Contributor
damlayildiz;56313500;Contributor
FarzanKh;14272565;Contributor
dsmith47;14109426;Contributor
hannesaa2;18496079;Contributor
myslok;2098329;Contributor
jhunnius;9149031;Contributor
Jared234;26669009;Contributor
skitt;2128935;Contributor
soumya9832;105947032;Contributor
mamehacker;16738348;Contributor
raghulrm;5362986;Contributor
raghulj;57007;Contributor
Niffler;8172446;Contributor
mpollmeier;506752;Contributor
ShadowIce;59123;Contributor
a1291762;327162;Contributor
JonathanZopf;47294759;Contributor
coezbek;12127567;Contributor
MrShecks;12517637;Contributor
shombando;42972338;Contributor
Silverwarriorin;46795935;Contributor
IsAvaible;76125864;Contributor
danners;116551;Contributor
Pinkolik;26690061;Contributor
corecode;177979;Contributor
vimsick;20211590;Contributor
Carrajaula;25173082;Contributor
edent;837136;Contributor
Thanush19;110150744;Contributor
guiott67;92053573;Contributor
atrus6;357881;Contributor
tomhense;36423219;Contributor
Toover;8531603;Contributor
ffelini;1655758;Contributor
victorhaggqvist;1887628;Contributor
pganssle;1377457;Contributor
paulkagiri;4158695;Contributor
ortylp;470439;Contributor
vil02;65706193;Contributor
RafaB6n;77226971;Contributor
rahmatrmdn;43070505;Contributor
duck-bark;200257947;Contributor
ricardoborgesjr;2378440;Contributor
RihardsT;9035412;Contributor
bobrippling;205673;Contributor
cumeowlus;72907178;Contributor
Shaac;1099968;Contributor
SamWhited;512573;Contributor
SebiderSushi;23618858;Contributor
selivan;1208989;Contributor
senventise;32443493;Contributor
sonnayasomnambula;7716779;Contributor
sethoscope;534043;Contributor
samsameer2804-cloud;279051791;Contributor
shantanahardy;26757164;Contributor
Bicente44;187322775;Contributor
lightonflux;1377943;Contributor
meldron;5972779;Contributor
tamilore-bello;103902575;Contributor
minusf;3632883;Contributor
pc-bert;88080348;Contributor
hiasr;22374542;Contributor
s3lph;5564491;Contributor
satis-fy;33289586;Contributor
silansuslu;72400543;Contributor
struggggle;19150666;Contributor
tamizh138;26201258;Contributor
teleoflexuous;116514517;Contributor
thomasdomingos;16108830;Contributor
trevortabaka;1552990;Contributor
ut88080;155258637;Contributor
viariable;1922102;Contributor
winkelnp;68015877;Contributor
xhon-pelushi;219772018;Contributor
yajasjohri;174857221;Contributor
zawad2221;32180355;Contributor
heyyviv;56256802;Contributor
waylife;3348620;Contributor
williamlgrt;232334338;Contributor
Arvinyuchen;128272509;Contributor
yarons;406826;Contributor
agibault;15703733;Contributor
amhokies;3124968;Contributor
andrewc1;19559401;Contributor
axq;5077221;Contributor
blairun;1585872;Contributor
chrk2205;44704035;Contributor
cliambrown;17516840;Contributor
e-t-l;40775958;Contributor
fossterer;4236021;Contributor
getgo-nobugs;11187774;Contributor
sak96;26397224;Contributor
gregoryjtom;32783177;Contributor
innoxfire;133579870;Contributor
jeroenmuller;6893167;Contributor
jmatthew;3881365;Contributor
CWftw;1498303;Contributor
Consto;13966784;Contributor
danielm5;66779;Contributor
novalis;77003;Contributor
ariedov;958646;Contributor
brettle;118192;Contributor
dhruvpatidar359;103873587;Contributor
DivyaKhunt07;109293589;Contributor
edmondlafay;8722328;Contributor
edwinhere;19705425;Contributor
eirikv;4076243;Contributor
eerden;277513;Contributor
newhinton;25279821;Contributor
jojoman2;2865861;Contributor
ghulamghous2006;147304795;Contributor
G3sit;37940313;Contributor
ghjm;2052848;Contributor
gregsimon;371616;Contributor
harshad1;1940940;Contributor
0x082c8bf1;70177827;Contributor
abhinavg1997;60095795;Contributor
adrns;13379985;Contributor
akshtshrma;145839640;Contributor
alanorth;191754;Contributor
alexte;7724992;Contributor
axibry;273906879;Contributor
awbooze;42682253;Contributor
ASGusev;5954975;Contributor
andrey-krutov;1488973;Contributor
andweg;30474752;Contributor
arantius;84729;Contributor
bhaskarblur;85757758;Contributor
BoJacobs;25435640;Contributor
brianjcohen;265798;Contributor
calebegg;782920;Contributor
chetan882777;36985543;Contributor
chrissicool;232590;Contributor
britiger;2057760;Contributor
cszucko;1810383;Contributor
mo;7117;Contributor
mdeveloper20;2319126;Contributor
Mchoi8;45410115;Contributor
Gaffen;718125;Contributor
mschuetz;108637;Contributor
max-wittig;6639323;Contributor
mayurdw;21151744;Contributor
Mengshi24;58278376;Contributor
dllmr;7942204;Contributor
MolarAmbiguity;10541979;Contributor
mounirlamouri;573590;Contributor
Mudit-pip;70972592;Contributor
cuspymd;8870299;Contributor
nicoolasj;63880378;Contributor
nikhil097;35090769;Contributor
nproth;48482306;Contributor
oliver;2344;Contributor
panoreakontis;206482280;Contributor
patrickdemers6;12687723;Contributor
patrickjkennedy;8617261;Contributor
MKryo;67968387;Contributor
IordanisKokk;72551397;Contributor
hawjo01;127335637;Contributor
jklippel;8657220;Contributor
jannic;232606;Contributor
Foso;5015532;Contributor
GiannisMakris;1606083;Contributor
JonOfUs;11487762;Contributor
dentaljosh;68866423;Contributor
Kaligule;3586246;Contributor
kvithayathil;1056073;Contributor
luiscruz;1080714;Contributor
LukasBrilla5;114982148;Contributor
MStrecke;5202211;Contributor
mjydv4548;92643506;Contributor
Manoj19636;135169937;Contributor
mlasson;5814258;Contributor
schwedenmut;9077622;Contributor
M-arcel;56698158;Contributor
mgborowiec;29843126;Contributor
